{
  "hash": "0f6fa4a8",
  "configHash": "0e2df04a",
  "lockfileHash": "44a6fe5f",
  "browserHash": "f72abad5",
  "optimized": {
    "@angular/common": {
      "src": "../../../../../node_modules/@angular/common/fesm2022/common.mjs",
      "file": "@angular_common.js",
      "fileHash": "d312532a",
      "needsInterop": false
    },
    "@angular/common/http": {
      "src": "../../../../../node_modules/@angular/common/fesm2022/http.mjs",
      "file": "@angular_common_http.js",
      "fileHash": "2aad5da5",
      "needsInterop": false
    },
    "@angular/core": {
      "src": "../../../../../node_modules/@angular/core/fesm2022/core.mjs",
      "file": "@angular_core.js",
      "fileHash": "52007267",
      "needsInterop": false
    },
    "@angular/forms": {
      "src": "../../../../../node_modules/@angular/forms/fesm2022/forms.mjs",
      "file": "@angular_forms.js",
      "fileHash": "140cad00",
      "needsInterop": false
    },
    "@angular/platform-browser": {
      "src": "../../../../../node_modules/@angular/platform-browser/fesm2022/platform-browser.mjs",
      "file": "@angular_platform-browser.js",
      "fileHash": "2b3a4232",
      "needsInterop": false
    },
    "@angular/router": {
      "src": "../../../../../node_modules/@angular/router/fesm2022/router.mjs",
      "file": "@angular_router.js",
      "fileHash": "38ee9f03",
      "needsInterop": false
    },
    "jsonwebtoken": {
      "src": "../../../../../node_modules/jsonwebtoken/index.js",
      "file": "jsonwebtoken.js",
      "fileHash": "a7c07438",
      "needsInterop": true
    },
    "rxjs": {
      "src": "../../../../../node_modules/rxjs/dist/esm5/index.js",
      "file": "rxjs.js",
      "fileHash": "7f18321b",
      "needsInterop": false
    },
    "uuid": {
      "src": "../../../../../node_modules/uuid/dist/esm-browser/index.js",
      "file": "uuid.js",
      "fileHash": "dc8fe007",
      "needsInterop": false
    }
  },
  "chunks": {
    "chunk-4H2GOX5C": {
      "file": "chunk-4H2GOX5C.js"
    },
    "chunk-JTLU3WCK": {
      "file": "chunk-JTLU3WCK.js"
    },
    "chunk-ZHMNIDXZ": {
      "file": "chunk-ZHMNIDXZ.js"
    },
    "chunk-QDVZZE26": {
      "file": "chunk-QDVZZE26.js"
    },
    "chunk-WSA2QMXP": {
      "file": "chunk-WSA2QMXP.js"
    },
    "chunk-WKYGNSYM": {
      "file": "chunk-WKYGNSYM.js"
    }
  }
}